Workbook

Sheet industrial_location_info
B1: namobj | C1: wadmpr | D1: wadmkk | E1: almind | F1: klskbli | G1: klskbli_1 | H1: Category | I1: koordy | J1: koordx | K1: geometry
A2: 0 | B2: KARYA TANAH SUBUR, PT | C2: ACEH | D2: ACEH BARAT | E2: DUSUN RASA SAYANG PADANG SIKABU | F2: 10431 | G2: INDUSTRI MINYAK MENTAH KELAPA SAWIT (CRUDE PALM OIL) | H2: =INDEX(Sheet1!$C$3:$C$391,MATCH(G2,Sheet1!$B$3:$B$391,0)) -> FOOD & BEV - UPSTREAM | I2: 4.33946 | J2: 96.18205 | K2: POINT (96.18205 4.33946)
A3: 1 | B3: ILHAS JASA BERSAMA, PT | C3: ACEH | D3: ACEH BESAR | E3: LAMJRUEN | F3: 33111 | G3: REPARASI PRODUK LOGAM SIAP PASANG UNTUK BANGUNAN, TANGKI, TANDON AIR DAN GENERATOR UAP | H3: =INDEX(Sheet1!$C$3:$C$391,MATCH(G3,Sheet1!$B$3:$B$391,0)) -> METALS - DOWNSTREAM | I3: 5.363291 | J3: 95.584877 | K3: POINT (95.584877 5.363291)
A4: 2 | B4: LHOKNGA BETON, PT | C4: ACEH | D4: ACEH BESAR | E4: JL. BANDA ACEH MEULABOH KM 10 | F4: 23957 | G4: INDUSTRI MORTAR ATAU BETON SIAP PAKAI | H4: =INDEX(Sheet1!$C$3:$C$391,MATCH(G4,Sheet1!$B$3:$B$391,0)) -> MINERALS | I4: 5.498992 | J4: 95.264608 | K4: POINT (95.264608 5.498992)
A5: 3 | B5: DELIMA MAKMUR, PT | C5: ACEH | D5: ACEH SINGKIL | E5: SITUBAN MAKMUR | F5: 10431 | G5: INDUSTRI MINYAK MENTAH KELAPA SAWIT (CRUDE PALM OIL) | H5: =INDEX(Sheet1!$C$3:$C$391,MATCH(G5,Sheet1!$B$3:$B$391,0)) -> FOOD & BEV - UPSTREAM | I5: 2.246916 | J5: 98.030724 | K5: POINT (98.030724 2.246916)
A6: 4 | B6: MOPOLI RAYA, PT | C6: ACEH | D6: ACEH TAMIANG | E6: JL. SUKARAMAI -RANTAU GEDUNG BIARA | F6: 10431 | G6: INDUSTRI MINYAK MENTAH KELAPA SAWIT (CRUDE PALM OIL) | H6: =INDEX(Sheet1!$C$3:$C$391,MATCH(G6,Sheet1!$B$3:$B$391,0)) -> FOOD & BEV - UPSTREAM | I6: 4.29073 | J6: 98.15246 | K6: POINT (98.15246 4.29073)
A7: 5 | B7: SISIRAU, PT | C7: ACEH | D7: ACEH TAMIANG | E7: JL. BANDA ACEH MEDAN, ALUR GANTUNG | F7: 10431 | G7: INDUSTRI MINYAK MENTAH KELAPA SAWIT (CRUDE PALM OIL) | H7: =INDEX(Sheet1!$C$3:$C$391,MATCH(G7,Sheet1!$B$3:$B$391,0)) -> FOOD & BEV - UPSTREAM | I7: 4.20147 | J7: 98.06387 | K7: POINT (98.06387 4.20147)
A8: 6 | B8: TRI AGRO PALMA TAMIANG, PT | C8: ACEH | D8: ACEH TAMIANG | E8: DUSUN KARYA SEUMADAM | F8: 10431 | G8: INDUSTRI MINYAK MENTAH KELAPA SAWIT (CRUDE PALM OIL) | H8: =INDEX(Sheet1!$C$3:$C$391,MATCH(G8,Sheet1!$B$3:$B$391,0)) -> FOOD & BEV - UPSTREAM | I8: 4.18587 | J8: 98.04271 | K8: POINT (98.04271 4.18587)
A9: 7 | B9: JAYA MEDIA INTERNUSA | C9: ACEH | D9: ACEH TENGAH | E9: JL. KP KUTE BARU | F9: 20294 | G9: INDUSTRI MINYAK ATSIRI | H9: =INDEX(Sheet1!$C$3:$C$391,MATCH(G9,Sheet1!$B$3:$B$391,0)) -> OTHERS | I9: 4.4826483 | J9: 96.876755 | K9: POINT (96.87675476 4.482648317)
A10: 8 | B10: PUPUK ISKANDAR MUDA, PT | C10: ACEH | D10: ACEH UTARA | E10: Jl. MEDAN - BNA PO BOX 21 KR. GEUKUEH | F10: 20122 | G10: INDUSTRI PUPUK BUATAN TUNGGAL HARA MAKRO PRIMER | H10: =INDEX(Sheet1!$C$3:$C$391,MATCH(G10,Sheet1!$B$3:$B$391,0)) -> CHEMICALS & FERTILIZER | I10: 5.23074 | J10: 97.03347 | K10: POINT (97.03347 5.23074)
A11: 9 | B11: AMP PLANTATION, PT | C11: SUMATERA BARAT | D11: AGAM | E11: TAPIAN KANDIS, NAGARI SALAREH AIA | F11: 10431 | G11: INDUSTRI MINYAK MENTAH KELAPA SAWIT (CRUDE PALM OIL) | H11: =INDEX(Sheet1!$C$3:$C$391,MATCH(G11,Sheet1!$B$3:$B$391,0)) -> FOOD & BEV - UPSTREAM | I11: -0.1545742 | J11: 100.0177 | K11: POINT (100.0177023 -0.1545742)
A12: 10 | B12: CAHAYA AGAM LESTARI | C12: SUMATERA BARAT | D12: AGAM | E12: JL. RAYA BUKITTINGGI MEDAN KM 5 GADUT KEC. TILATANG KAMANG | F12: 31009 | G12: INDUSTRI FURNITUR LAINNYA | H12: =INDEX(Sheet1!$C$3:$C$391,MATCH(G12,Sheet1!$B$3:$B$391,0)) -> OTHERS | I12: -0.27848 | J12: 100.36636 | K12: POINT (100.36636 -0.27848)
A13: 11 | B13: MUTIARA AGAM, PT | C13: SUMATERA BARAT | D13: AGAM | E13: TIKU V JORONG, KEC. TANJUNG MUTIARA KABUPATEN AGAM | F13: 10431 | G13: INDUSTRI MINYAK MENTAH KELAPA SAWIT (CRUDE PALM OIL) | H13: =INDEX(Sheet1!$C$3:$C$391,MATCH(G13,Sheet1!$B$3:$B$391,0)) -> FOOD & BEV - UPSTREAM | I13: -0.31897 | J13: 99.8769 | K13: POINT (99.8769 -0.31897)
... A2893: 2891 | B2893: EBARA INDONESIA, PT | C2893: JAWA BARAT | D2893: DEPOK | E2893: JL. PEKAPURAN | F2893: 28130 | G2893: INDUSTRI POMPA LAINNYA, KOMPRESOR, KRAN DAN KLEP/KATUP | H2893: =INDEX(Sheet1!$C$3:$C$391,MATCH(G2893,Sheet1!$B$3:$B$391,0)) -> ELECTRICAL & MECHANICAL APPLIANCES & EQUIPMENTS | I2893: -6.3863504 | J2893: 106.87037 | K2893: POINT (106.8703652 -6.3863504)
A2894: 2892 | B2894: ENZYM BIOTEKNOLOGI INTERNUSA | C2894: JAWA BARAT | D2894: DEPOK | E2894: 0 | F2894: 20232 | G2894: INDUSTRI KOSMETIK UNTUK MANUSIA, TERMASUK PASTA GIGI | H2894: =INDEX(Sheet1!$C$3:$C$391,MATCH(G2894,Sheet1!$B$3:$B$391,0)) -> FMCG | I2894: -6.4150954 | J2894: 106.85684 | K2894: POINT (106.8568427 -6.4150954)
A2895: 2893 | B2895: ERA VARIASI INTERTIKA, PT | C2895: JAWA BARAT | D2895: DEPOK | E2895: JL. CILANGKAP NO 10 | F2895: 22220 | G2895: INDUSTRI BARANG DARI PLASTIK UNTUK PENGEMASAN | H2895: =INDEX(Sheet1!$C$3:$C$391,MATCH(G2895,Sheet1!$B$3:$B$391,0)) -> RUBBER & PLASTICS | I2895: -6.44691 | J2895: 106.8645 | K2895: POINT (106.864503 -6.44691)
A2896: 2894 | B2896: FORTUNA MUSTIKA CITRA, PT | C2896: JAWA BARAT | D2896: DEPOK | E2896: CILANGKAP NO.2B | F2896: 14120 | G2896: PENJAHITAN DAN PEMBUATAN PAKAIAN SESUAI PESANAN | H2896: =INDEX(Sheet1!$C$3:$C$391,MATCH(G2896,Sheet1!$B$3:$B$391,0)) -> TEXTILE | I2896: -6.44372 | J2896: 106.86018 | K2896: POINT (106.860177 -6.44372)
A2897: 2895 | B2897: GEMA INSANI PRESS | C2897: JAWA BARAT | D2897: DEPOK | E2897: JL. IR. H. JUANDA RT 01/21 | F2897: 18111 | G2897: INDUSTRI PENCETAKAN UMUM | H2897: =INDEX(Sheet1!$C$3:$C$391,MATCH(G2897,Sheet1!$B$3:$B$391,0)) -> OTHERS | I2897: -6.2249 | J2897: 106.515 | K2897: POINT (106.515 -6.2249)
A2898: 2896 | B2898: GLOBAL PACKAGING SYSTEM, PT | C2898: JAWA BARAT | D2898: DEPOK | E2898: JL. RAYA BOGOR KM. 30 NO. 5 | F2898: 17022 | G2898: INDUSTRI KEMASAN DAN KOTAK DARI KERTAS DAN KARTON | H2898: =INDEX(Sheet1!$C$3:$C$391,MATCH(G2898,Sheet1!$B$3:$B$391,0)) -> PULP & PAPER | I2898: -6.37179 | J2898: 106.86258 | K2898: POINT (106.86258 -6.37179)
A2899: 2897 | B2899: GRAHA TEKNOMEDIKA | C2899: JAWA BARAT | D2899: DEPOK | E2899: JL. ABDUL WAHAB NO. 59 | F2899: 32509 | G2899: INDUSTRI PERALATAN KEDOKTERAN DAN KEDOKTERAN GIGI SERTA PERLENGKAPAN LAINNYA | H2899: =INDEX(Sheet1!$C$3:$C$391,MATCH(G2899,Sheet1!$B$3:$B$391,0)) -> ELECTRICAL & MECHANICAL APPLIANCES & EQUIPMENTS | I2899: -6.3781154 | J2899: 106.75179 | K2899: POINT (106.7517934 -6.3781154)
A2900: 2898 | B2900: IMMORTAL PHARMACEUTICAL LABORATORIES | C2900: JAWA BARAT | D2900: DEPOK | E2900: JL. RAYA PEKAPURAN NO. 32 | F2900: 21012 | G2900: INDUSTRI PRODUK FARMASI UNTUK MANUSIA | H2900: =INDEX(Sheet1!$C$3:$C$391,MATCH(G2900,Sheet1!$B$3:$B$391,0)) -> PHARMACEUTICAL | I2900: -6.3874432 | J2900: 106.8719 | K2900: POINT (106.8718954 -6.3874432)
A2901: 2899 | B2901: INDO FERMEX | C2901: JAWA BARAT | D2901: DEPOK | E2901: JL. TOLE ISKANDAR KM.2 | F2901: 10799 | G2901: INDUSTRI PRODUK MAKANAN LAINNYA | H2901: =INDEX(Sheet1!$C$3:$C$391,MATCH(G2901,Sheet1!$B$3:$B$391,0)) -> FOOD & BEV - DOWNSTREAM | I2901: -6.40512 | J2901: 106.84629 | K2901: POINT (106.84629 -6.40512)
A2902: 2900 | B2902: INDO LYSAGHT, PT | C2902: JAWA BARAT | D2902: DEPOK | E2902: JL. KAPT. TOLE ISKANDAR KM 2 | F2902: 20113 | G2902: INDUSTRI KIMIA DASAR ANORGANIK PIGMEN | H2902: =INDEX(Sheet1!$C$3:$C$391,MATCH(G2902,Sheet1!$B$3:$B$391,0)) -> CHEMICALS & FERTILIZER | I2902: -6.405158 | J2902: 106.70625 | K2902: POINT (106.706249 -6.405158)
A2903: 2901 | B2903: JUPITER SEMESTA UTAMA, PT | C2903: JAWA BARAT | D2903: DEPOK | E2903: JL. TOLE ISKANDAR NO 100 | F2903: 31004 | G2903: INDUSTRI FURNITUR DARI LOGAM | H2903: =INDEX(Sheet1!$C$3:$C$391,MATCH(G2903,Sheet1!$B$3:$B$391,0)) -> METALS - DOWNSTREAM | I2903: -6.2419 | J2903: 106.5042 | K2903: POINT (106.5042 -6.2419)
A2904: 2902 | B2904: LUCKY INDAH KERAMIK, PT | C2904: JAWA BARAT | D2904: DEPOK | E2904: JL. KOMJEN POL (PURN) M. YASIN | F2904: 23929 | G2904: INDUSTRI BAHAN BANGUNAN DARI TANAH LIAT/KERAMIK BUKAN BATU BATA DAN GENTENG | H2904: =INDEX(Sheet1!$C$3:$C$391,MATCH(G2904,Sheet1!$B$3:$B$391,0)) -> MINERALS | I2904: -6.2136 | J2904: 106.505 | K2904: POINT (106.505 -6.2136)
A2905: 2903 | B2905: MEDIFARMA LABORATORIES | C2905: JAWA BARAT | D2905: DEPOK | E2905: JL. RAYA JAKARTA BOGOR KM 33 | F2905: 21012 | G2905: INDUSTRI PRODUK FARMASI UNTUK MANUSIA | H2905: =INDEX(Sheet1!$C$3:$C$391,MATCH(G2905,Sheet1!$B$3:$B$391,0)) -> PHARMACEUTICAL | I2905: -6.3902116 | J2905: 106.86547 | K2905: POINT (106.86547 -6.3902116)
A2906: 2904 | B2906: MEGATARA ERA PERKASA | C2906: JAWA BARAT | D2906: DEPOK | E2906: JL. H. DIMUN III NO. 8 RT. 001 RW. 006 | F2906: 32502 | G2906: INDUSTRI PERALATAN KEDOKTERAN DAN KEDOKTERAN GIGI, PERLENGKAPAN ORTHOPAEDIC DAN PROSTHETIC | H2906: =INDEX(Sheet1!$C$3:$C$391,MATCH(G2906,Sheet1!$B$3:$B$391,0)) -> ELECTRICAL & MECHANICAL APPLIANCES & EQUIPMENTS | I2906: -6.2448 | J2906: 106.518 | K2906: POINT (106.518 -6.2448)
... A5160: 5158 | B5160: SEMEN GRESIK (PERSERO), PT | C5160: JAWA TIMUR | D5160: TUBAN | E5160: DESA SUMBERARUM | F5160: 23942 | G5160: INDUSTRI SEMEN | H5160: =INDEX(Sheet1!$C$3:$C$391,MATCH(G5160,Sheet1!$B$3:$B$391,0)) -> MINERALS | I5160: -6.8645833 | J5160: 111.91769 | K5160: POINT (111.9176944 -6.864583333)

Sheet Sheet1
B2: KBLI | C2: Group
B3: INDUSTRI MINYAK MENTAH KELAPA SAWIT (CRUDE PALM OIL) | C3: FOOD & BEV - UPSTREAM
B4: REPARASI PRODUK LOGAM SIAP PASANG UNTUK BANGUNAN, TANGKI, TANDON AIR DAN GENERATOR UAP | C4: METALS - DOWNSTREAM
B5: INDUSTRI MORTAR ATAU BETON SIAP PAKAI | C5: MINERALS
B6: INDUSTRI MINYAK ATSIRI | C6: OTHERS
B7: INDUSTRI PUPUK BUATAN TUNGGAL HARA MAKRO PRIMER | C7: CHEMICALS & FERTILIZER
B8: INDUSTRI FURNITUR LAINNYA | C8: OTHERS
B9: INDUSTRI PEMBEKUAN IKAN | C9: FOOD & BEV - DOWNSTREAM
B10: INDUSTRI MINYAK MENTAH INTI KELAPA SAWIT (CRUDE PALM KERNEL OIL) | C10: FOOD & BEV - UPSTREAM
B11: INDUSTRI SABUN DAN BAHAN PEMBERSIH KEPERLUAN RUMAH TANGGA | C11: FMCG
B12: INDUSTRI PENGOLAHAN DAN PENGAWETAN LAINNYA UNTUK IKAN | C12: FOOD & BEV - UPSTREAM
B13: INDUSTRI PELET KELAPA | C13: FOOD & BEV - UPSTREAM
... B391: INDUSTRI MESIN KANTOR DAN AKUNTANSI ELEKTRIK | C391: METALS - DOWNSTREAM
C392: OTHERS
B396: METALS - DOWNSTREAM | C396: =COUNTIF($C$3:$C$392,B396) -> 24
B397: OTHERS | C397: =COUNTIF($C$3:$C$392,B397) -> 70
B398: CHEMICALS & FERTILIZER | C398: =COUNTIF($C$3:$C$392,B398) -> 18
B399: FOOD & BEV - DOWNSTREAM | C399: =COUNTIF($C$3:$C$392,B399) -> 65
B400: FOOD & BEV - UPSTREAM | C400: =COUNTIF($C$3:$C$392,B400) -> 26
B401: FMCG | C401: =COUNTIF($C$3:$C$392,B401) -> 2
B402: RUBBER & PLASTICS | C402: =COUNTIF($C$3:$C$392,B402) -> 17
B403: TEXTILE | C403: =COUNTIF($C$3:$C$392,B403) -> 41
B404: PULP & PAPER | C404: =COUNTIF($C$3:$C$392,B404) -> 9
B405: ELECTRICAL & MECHANICAL APPLIANCES & EQUIPMENTS | C405: =COUNTIF($C$3:$C$392,B405) -> 64
B406: AUTOMOTIVE | C406: =COUNTIF($C$3:$C$392,B406) -> 10
B407: MINERALS | C407: =COUNTIF($C$3:$C$392,B407) -> 28
... B411: NON-FERROUS METALS | C411: =COUNTIF($C$3:$C$392,B411) -> 4
